emp_no,gender,hire_date
10008,M,1994-09-15
10009,M,2022-01-20
10011,F,1990-01-22
10012,M,1992-12-18
10016,M,1995-01-27
10017,F,1993-08-03
10019,M,1999-04-30
10020,M,1991-01-26
10022,M,1995-08-22
10024,F,1997-05-19
10026,M,1995-03-20
10028,M,1991-10-22
10030,M,1994-02-17
10031,M,1991-09-01
10032,F,1990-06-20
10036,M,1992-01-03
10037,M,1990-12-05
10040,F,1993-02-14
10042,F,1993-03-21
10043,M,1990-10-20
10044,F,1994-05-21
10046,M,1992-06-20
10049,F,1992-05-04
10050,M,1990-12-25
10051,M,1992-10-15
10054,M,1995-03-13
10055,M,1992-04-27
10056,F,1990-02-01
10057,F,1992-01-15
10059,F,1991-06-26
10062,M,1991-08-30
10073,M,1991-12-01
10074,F,1990-08-13
10077,M,1990-03-02
10082,M,1990-01-03
10084,M,1995-12-15
10085,M,1994-04-09
10086,M,1990-02-16
10091,M,1992-11-18
10093,M,1996-11-05
10096,M,1990-01-14
10097,M,1990-09-15
10101,F,1992-12-28
10102,F,1994-01-26
10105,M,1999-03-23
10106,M,1990-12-19
10107,F,1994-03-22
10109,F,1993-06-16
10114,F,1992-07-17
10117,F,1990-05-28
10118,F,1990-09-13
10120,F,1996-07-06
10122,M,1992-12-23
10123,M,1993-01-15
10124,M,1991-09-05
10125,F,1990-10-26
10131,M,1994-11-17
10132,M,1994-10-30
10139,F,1998-03-15
10140,F,1991-03-14
10141,F,1993-05-06
10142,M,1993-10-28
10148,M,1995-10-10
10151,M,1990-04-10
10154,F,1990-12-12
10155,M,1990-01-05
10159,M,1991-05-29
10162,M,1991-05-01
10166,F,1993-01-01
10167,M,1992-04-04
10169,F,1992-07-24
10172,F,1995-10-13
10173,M,1992-03-21
10176,F,1994-12-22
10177,M,1993-02-06
10179,F,1990-10-04
10182,F,1990-09-02
10183,M,1996-08-11
10187,F,1991-06-01
10193,M,1991-07-28
10196,M,1994-11-16
10197,F,1993-11-22
10199,M,1997-04-29
10202,M,1991-10-06
10205,F,1993-08-23
10207,F,1992-10-11
10208,M,1991-12-23
10209,F,1991-11-23
10210,M,1994-05-10
10212,M,1990-07-11
10213,M,1992-11-06
10218,M,1997-01-15
10219,M,1993-03-31
10220,F,1992-06-25
10227,M,1994-04-24
10228,F,1991-08-26
10230,M,1996-06-16
10231,F,1996-04-13
10232,F,1992-06-04
10234,M,1990-11-19
10235,F,1995-04-06
10236,F,1996-08-30
10239,F,1995-05-08
10240,M,1998-10-06
10247,F,1992-08-14
10248,F,1991-08-13
10249,M,1991-12-08
10250,M,1992-08-30
10251,M,1992-06-25
10252,F,1990-11-08
10254,M,1990-06-14
10255,M,1993-05-12
10260,F,1991-04-13
10261,M,1993-10-20
10262,F,1992-07-27
10263,M,1994-02-05
10264,F,1997-07-16
10266,M,1990-05-25
10267,M,1996-12-11
10270,F,1990-04-26
10274,F,1991-04-21
10278,M,1991-05-17
10279,F,1994-12-20
10281,M,1994-12-03
10284,F,1997-07-02
10285,F,1995-02-27
10287,M,1992-12-28
10288,M,1994-08-29
10289,M,1990-06-06
10290,M,1991-09-18
10293,F,1992-12-12
10294,M,1996-04-08
10295,M,1990-08-27
10298,F,1999-03-30
10299,F,1990-01-10
10300,F,1991-05-17
10303,M,1990-02-05
10304,M,1992-11-16
10306,M,1993-09-06
10307,M,1991-04-10
10308,F,1992-12-29
10310,M,1990-10-24
10311,F,1991-04-01
10313,M,1994-10-10
10321,M,1991-09-24
10322,F,1990-01-29
10323,M,1991-06-06
10325,M,1990-09-20
10328,M,1994-01-16
10333,M,1993-01-16
10334,M,1996-12-28
10335,F,1992-04-06
10336,F,1992-01-07
10337,M,1995-08-06
10343,M,1993-10-14
10344,F,1994-06-25
10345,M,1993-11-08
10348,F,1995-10-22
10349,F,1991-09-28
10350,F,1990-08-19
10352,M,1996-01-21
10354,M,1996-03-26
10357,M,1994-04-04
10358,M,1991-02-19
10359,F,1991-05-09
10360,M,1996-09-04
10366,M,1994-04-11
10367,M,1991-06-24
10368,M,1991-04-05
10370,M,1992-04-04
10373,M,1997-04-26
10374,F,1993-12-08
10375,F,1994-05-29
10377,M,1990-05-07
10378,M,1990-12-30
10379,M,1996-07-15
10381,M,1991-12-04
10382,M,1990-07-04
10383,M,1991-06-19
10385,M,1992-12-20
10388,M,1996-03-24
10389,M,1995-10-31
10392,M,1992-03-01
10394,M,1991-03-14
10397,M,1993-05-21
10398,F,1990-10-12
10400,M,1993-10-17
10401,M,1991-04-05
10403,F,1991-09-13
10407,M,1990-03-08
10408,M,1998-10-07
10409,M,1997-07-09
10410,F,1993-10-16
10413,F,1990-03-26
10414,M,1990-05-30
10415,M,1993-10-25
10417,M,1992-03-12
10419,F,1992-04-25
10422,F,1990-12-07
10423,F,1998-09-06
10425,M,1991-10-29
10427,F,1991-11-01
10428,M,1992-06-04
10430,M,1990-11-16
10434,F,1995-06-27
10437,F,1996-04-12
10438,F,1990-01-19
10439,M,1990-01-11
10440,F,1994-03-31
10444,M,1993-03-31
10446,F,1994-11-17
10448,F,1992-03-12
10450,M,1990-01-17
10456,F,1995-12-25
10457,M,1991-11-23
10459,M,1997-06-28
10460,M,1994-07-01
10462,M,1996-03-25
10468,M,1991-05-28
10471,M,1990-11-18
10472,M,1996-07-29
10478,M,1992-06-09
10482,F,1991-07-20
10483,M,1992-11-08
10484,F,1995-10-31
10487,F,1992-08-14
10488,M,1994-06-09
10490,F,1992-10-07
10491,M,1990-01-17
10493,M,1992-05-16
10497,M,1992-01-22
10500,M,1996-12-16
10502,M,1993-03-04
10503,M,1991-04-30
10506,F,1996-12-01
10508,M,1991-05-01
10509,F,1990-02-23
10510,F,1990-04-20
10511,M,1992-01-27
10513,F,1991-04-02
10514,M,1992-04-29
10517,M,1990-12-25
10518,M,1993-09-03
10520,M,1994-03-27
10525,M,1990-07-08
10527,F,1996-01-25
10528,F,1991-12-29
10529,M,1992-01-05
10531,F,1991-02-20
10537,M,1996-09-25
10539,M,1990-06-05
10540,M,1994-05-03
10543,M,1998-10-16
10544,F,1995-04-29
10545,M,1990-06-30
10549,M,1995-10-26
10552,M,1998-08-18
10554,M,1990-11-28
10556,F,1992-04-15
10558,M,1990-04-06
10561,F,1990-12-15
10562,M,1996-07-06
10563,M,1992-09-29
10565,M,1992-01-09
10567,M,1992-10-18
10573,F,1993-07-07
10574,F,1990-02-16
10577,M,1990-08-18
10586,M,1992-02-04
10589,M,1994-01-26
10592,M,1990-06-05
10593,M,1990-09-12
10596,M,1995-04-01
10597,F,1990-04-01
10601,M,1994-08-29
10603,M,1995-07-20
10604,M,1990-04-07
10607,F,1990-06-18
10609,M,1994-12-03
10610,F,1996-04-11
10612,M,1991-09-02
10613,M,1990-09-01
10614,F,1990-03-03
10615,M,1996-03-10
10620,M,1990-11-10
10621,F,1991-06-23
10624,F,1990-05-07
10626,M,1996-12-03
10627,M,1991-11-07
10630,F,1993-06-26
10634,M,1990-11-11
10635,F,1991-09-22
10636,F,1994-11-16
10637,M,1993-07-11
10638,M,1991-05-19
10639,M,1992-10-25
10640,M,1992-12-04
10641,M,1993-03-21
10647,M,1995-09-28
10649,M,1997-09-10
10650,M,1992-10-04
10652,M,1990-02-12
10658,F,1994-04-29
10659,F,1991-09-20
10663,M,1993-01-23
10667,F,1990-06-25
10669,F,1995-06-09
10673,M,1990-03-01
10675,F,1991-11-05
10677,F,1996-10-07
10679,M,1990-05-13
10681,M,1992-10-25
10682,M,1990-11-09
10683,F,1993-09-07
10684,F,1999-10-28
10685,M,1990-04-24
10687,F,1990-03-13
10692,M,1993-03-22
10696,M,1991-09-09
10697,M,1998-03-04
10698,M,1994-12-08
10703,F,1996-05-12
10705,M,1990-07-18
10707,M,1990-12-24
10708,M,1996-05-18
10710,M,1992-01-10
10711,F,1991-06-21
10712,F,1994-08-18
10714,M,1997-03-11
10715,M,1995-09-25
10719,F,1995-09-05
10721,F,1995-03-17
10723,F,1993-05-26
10724,M,1991-11-04
10725,M,1990-09-08
10727,F,1991-01-08
10732,F,1991-03-10
10733,F,1996-02-20
10736,F,1991-09-26
10737,M,1990-10-15
10740,M,1995-08-15
10742,M,1991-01-03
10746,F,1990-08-31
10747,M,1990-10-08
10748,F,1990-08-14
10750,F,1991-08-04
10752,M,1993-05-28
10756,M,1995-11-21
10759,M,1991-12-04
10760,M,1994-06-15
10761,M,1992-05-30
10762,M,1992-01-21
10765,M,1994-05-07
10766,M,1996-08-05
10774,M,1990-01-26
10781,M,1991-02-04
10782,F,1991-10-21
10783,M,1994-05-15
10785,M,1994-11-11
10787,F,1991-04-16
10788,M,1993-12-13
10790,M,1990-07-03
10794,M,1992-03-29
10796,M,1990-11-08
10798,M,1992-02-09
10800,M,1993-05-20
10801,M,1994-06-27
10804,M,1996-04-18
10806,M,1993-04-25
10810,F,1994-09-07
10811,M,1997-07-08
10813,M,1990-04-27
10814,F,1993-07-17
10815,M,1994-04-19
10817,F,1990-12-26
10818,M,1995-10-22
10823,M,1995-01-02
10826,M,1993-01-22
10827,M,1996-11-07
10829,F,1993-02-22
10830,M,1991-08-24
10831,M,1996-06-21
10834,M,1990-11-24
10838,M,1990-04-11
10839,M,1991-10-05
10840,M,1993-06-04
10841,M,1990-04-21
10843,M,1990-04-26
10846,M,1994-01-26
10849,M,1995-06-25
10850,F,1990-04-22
10851,M,1994-11-21
10852,F,1996-03-21
10853,F,1993-05-03
10854,M,1998-07-13
10855,M,1991-08-05
10857,F,1990-04-04
10858,M,1996-08-15
10859,F,1993-01-03
10860,M,1992-03-11
10865,M,1991-04-19
10866,F,1990-12-27
10868,F,1990-03-20
10869,F,1996-03-15
10872,F,1990-09-06
10873,M,1994-03-23
10876,F,1995-01-29
10881,M,1996-04-18
10882,M,1994-11-29
10884,F,1993-04-15
10885,M,1991-08-19
10886,M,1995-03-26
10891,F,1990-12-07
10892,M,1990-04-11
10894,F,1991-07-18
10896,M,1994-10-08
10900,F,1995-09-07
10901,M,1992-10-30
10902,M,1990-04-22
10904,F,1993-04-16
10906,F,1994-01-20
10913,M,1992-06-25
10914,M,1998-03-24
10916,M,1996-07-01
10920,M,1991-07-09
10922,M,1992-08-09
10923,M,1990-04-09
10926,F,1990-04-30
10928,M,1991-04-07
10929,M,1991-04-15
10930,M,1990-08-09
10931,F,1992-06-14
10932,F,1994-09-09
10933,F,1993-08-02
10934,F,1993-11-11
10935,M,1990-03-09
10939,M,1990-11-01
10940,F,1994-12-02
10941,M,1993-08-22
10944,M,1991-05-24
10945,F,1990-07-04
10946,M,1996-02-04
10947,F,1995-11-16
10948,M,1996-09-30
10949,F,1990-03-13
10950,M,1996-06-08
10954,F,1990-08-07
10956,M,1992-06-29
10959,M,1994-03-01
10964,F,1990-10-11
10967,M,1993-08-01
10970,F,1994-09-16
10971,M,1991-07-30
10976,F,1992-12-06
10985,F,1990-12-10
10987,M,1995-12-19
10991,M,1993-05-21
10993,F,1992-05-29
10995,F,1997-07-19
10996,F,1990-02-07
10997,F,1994-05-06
10998,M,1992-06-28
10999,F,1996-03-05
11002,M,1996-12-23
11004,F,1992-01-19
11007,M,1991-04-11
11013,M,1996-09-13
11014,M,1994-08-23
11015,M,1992-05-29
11017,F,1992-07-28
11023,M,1990-06-12
11024,M,1995-04-05
11026,M,1991-11-08
11029,M,1992-12-27
11032,M,1992-03-12
11033,F,1990-10-02
11034,F,1993-01-01
11035,M,1992-10-06
11039,F,1993-07-10
11043,M,1993-06-25
11044,M,1990-11-15
11046,F,1994-01-21
11047,F,1995-07-19
11049,F,1995-05-12
11053,M,1992-04-06
11055,M,1995-05-25
11056,F,1992-08-19
11057,M,1996-07-12
11060,F,1991-05-03
11061,M,1993-02-19
11062,F,1990-10-18
11063,F,1996-01-09
11064,F,1990-02-28
11066,M,1995-10-04
11071,F,1992-05-23
11074,M,1992-04-23
11075,F,1996-10-29
11076,M,1992-10-09
11077,F,1995-10-10
11078,M,1990-01-07
11079,M,1993-10-09
11082,M,1992-12-01
11084,M,1990-05-31
11087,M,1994-10-10
11089,F,1994-08-13
11091,F,1992-01-21
11092,M,1992-03-30
11094,F,1991-08-26
11095,M,1994-05-28
11098,F,1990-04-02
11101,M,1992-06-26
11102,M,1991-01-03
11104,M,1993-09-20
11105,M,1990-01-13
11107,F,1998-05-02
11108,F,1992-06-12
11111,F,1994-12-25
11115,M,1998-11-03
11116,M,1992-10-23
11117,M,1994-08-22
11119,F,1994-06-21
11122,F,1993-10-08
11124,M,1990-04-16
11126,F,1992-02-25
11127,M,1991-03-12
11129,M,1993-10-26
11130,M,1993-06-07
11131,M,1993-07-07
11132,M,1994-08-30
11135,M,1991-10-22
11140,M,1993-07-04
11143,M,1996-05-09
11144,M,1993-11-18
11145,F,1990-02-06
11147,M,1992-01-28
11153,M,1990-02-13
11155,F,1990-09-08
11156,M,1995-09-07
11158,M,1996-04-20
11163,M,1993-02-24
11165,M,1995-04-30
11166,M,1990-09-04
11168,F,1996-07-15
11171,F,1992-10-04
11174,M,1996-05-24
11175,M,1991-03-15
11177,M,1998-04-05
11179,F,1992-03-31
11181,M,1992-07-11
11183,M,1990-12-28
11185,M,1995-01-26
11186,M,1994-12-10
11189,F,1991-09-07
11190,M,1992-03-06
11191,M,1990-04-28
11192,M,1991-09-30
11195,M,1991-06-13
11196,M,1992-11-17
11201,M,1995-10-31
11205,M,1993-08-23
11206,M,1993-05-07
11209,M,1997-09-06
11213,F,1998-06-17
11214,F,1991-11-25
11215,F,1992-10-17
11216,M,1991-06-11
11218,M,1994-04-06
11219,M,1991-01-08
11225,M,1990-09-11
11229,M,1991-07-26
11230,M,1990-12-06
11233,F,1991-06-17
11234,M,1990-08-21
11236,M,1994-03-24
11241,M,1997-08-12
11243,F,1994-12-08
11245,F,1994-11-25
11246,M,1992-01-14
11247,M,1993-02-05
11248,M,1997-02-03
11250,M,1992-06-30
11253,M,1992-05-22
11254,F,1998-12-19
11258,F,1991-03-28
11260,M,1993-09-29
11262,M,1994-04-30
11266,M,1995-04-04
11269,M,1992-11-22
11277,M,1990-01-18
11282,M,1991-02-11
11285,M,1997-03-03
11293,F,1992-08-08
11297,M,1990-12-04
11298,M,1991-12-13
11300,M,1992-09-10
11302,M,1991-07-01
11304,F,1991-09-10
11306,M,1996-11-20
11309,M,1994-01-24
11310,M,1991-11-24
11311,F,1994-12-15
11312,F,1994-01-23
11314,F,1990-04-10
11315,M,1999-07-17
11316,F,1997-07-18
11321,M,1995-03-18
11323,M,1995-02-13
11325,F,1999-01-10
11326,F,1990-02-19
11327,M,1990-05-02
11330,M,1990-06-28
11335,M,1991-10-08
11336,M,1998-06-05
11337,F,1994-11-20
11340,M,1991-09-11
11342,M,1998-02-03
11344,M,1990-05-10
11349,M,1992-06-27
11351,F,1998-11-20
11355,M,1993-11-29
11357,M,1993-05-15
11358,F,1990-06-02
11366,M,1993-02-09
11368,M,1992-01-06
11369,F,1991-08-05
11372,M,1993-05-14
11374,F,1993-12-12
11377,F,1991-10-18
11379,M,1994-06-24
11381,M,1991-08-12
11382,M,1991-06-04
11383,M,1992-03-18
11384,F,1994-06-03
11387,M,1997-05-11
11390,M,1990-12-19
11391,M,1994-10-14
11392,M,1997-02-12
11396,F,1997-02-04
11397,F,1992-12-12
11401,F,1995-04-15
11405,F,1993-04-14
11407,M,1991-05-06
11408,F,1995-05-28
11409,F,1996-11-23
11410,M,1997-07-13
11411,F,1992-05-17
11417,M,1990-05-15
11418,F,1991-07-27
11419,M,1996-04-13
11420,F,1992-01-31
11422,F,1990-12-04
11423,M,1993-06-14
11425,M,1990-08-27
11427,F,1994-02-25
11428,M,1994-07-31
11430,M,1996-02-27
11434,M,1992-10-18
11436,M,1995-08-29
11437,M,1991-08-12
11438,M,1994-11-17
11439,M,1995-07-27
11444,M,1992-01-01
11445,M,1997-04-25
11448,M,1995-08-26
11451,M,1990-05-20
11452,F,1993-08-26
11453,M,1990-07-13
11454,M,1990-01-02
11455,M,1994-08-14
11456,F,1998-12-05
11457,M,1991-02-10
11460,M,1992-03-14
11462,M,1990-04-27
11463,F,1992-05-17
11464,M,1992-05-30
11467,F,1993-06-16
11468,F,1996-03-19
11470,M,1991-11-26
11472,M,1990-04-30
11474,M,1990-07-26
11475,F,1997-08-04
11476,F,1994-01-15
11478,M,1993-08-29
11479,M,1998-08-23
11480,F,1990-03-13
11482,F,1991-04-03
11483,M,1993-12-02
11484,M,1995-01-22
11485,M,1991-10-04
11487,M,1993-07-09
11490,M,1990-04-28
11492,F,1994-03-15
11493,M,1995-07-22
11494,F,1991-02-14
11497,F,1992-04-30
11498,M,1994-01-19
11500,M,1991-05-07
11502,M,1991-06-04
11503,F,1993-01-25
11504,F,1990-09-30
11507,M,1994-05-19
11510,M,1996-07-28
11511,M,1991-09-06
11516,M,1992-07-26
11520,F,1991-11-20
11521,F,1995-10-17
11522,M,1991-10-26
11523,F,1992-12-23
11526,M,1992-02-23
11531,M,1990-02-27
11532,M,1991-12-01
11533,M,1991-08-20
11536,F,1991-09-06
11539,M,1993-05-15
11540,M,1993-02-09
11541,F,1990-04-05
11544,F,1993-03-02
11547,F,1991-01-18
11550,M,1997-12-16
11553,M,1991-01-21
11557,F,1998-08-18
11558,M,1996-09-18
11559,F,1990-12-17
11573,F,1990-02-04
11575,F,1991-12-19
11577,M,1992-09-23
11581,F,1992-11-13
11582,M,1990-04-08
11585,M,1994-10-13
11586,M,1997-09-09
11589,F,1994-02-23
11590,M,1997-06-26
11592,M,1991-12-14
11594,M,1991-05-28
11595,M,1992-01-23
11596,F,1993-11-21
11597,M,1990-02-01
11598,M,1994-04-02
11601,M,1990-04-07
11602,M,1993-06-21
11604,M,1990-12-11
11606,M,1994-01-07
11609,M,1991-08-03
11612,F,1990-12-10
11616,F,1991-01-15
11618,F,1991-01-14
11619,F,1992-09-01
11622,M,1990-11-09
11623,M,1990-03-05
11627,M,1991-11-01
11630,M,1996-12-15
11631,M,1992-04-14
11632,M,1990-12-29
11633,F,1991-08-27
11634,M,1994-08-25
11636,M,1992-11-16
11641,M,1990-07-01
11642,M,1991-12-01
11643,M,1993-12-17
11644,F,1991-01-28
11646,M,1992-06-11
11648,M,1992-02-15
11649,F,1991-02-05
11650,M,1994-01-13
11653,F,1993-02-26
11656,F,1992-03-10
11658,M,1992-01-03
11661,M,1995-08-24
11664,F,1990-09-07
11667,F,1990-09-08
11677,F,1991-09-12
11679,M,1991-01-02
11680,M,1990-05-13
11683,F,1990-02-11
11685,M,1992-09-10
11688,F,1994-10-29
11690,M,1997-09-23
11697,F,1999-11-06
11698,M,1991-06-28
11699,M,1994-01-20
11704,M,1992-02-27
11706,M,1996-02-02
11708,F,1992-09-18
11712,M,1992-11-06
11713,M,1994-10-04
11717,F,1990-09-10
11718,F,1996-08-11
11720,F,1990-08-24
11721,F,1990-11-30
11722,F,1997-12-18
11723,F,1992-09-26
11726,M,1990-05-29
11727,M,1992-03-07
11729,M,1993-05-20
11730,M,1997-10-10
11731,M,1993-12-23
11733,F,1992-01-12
11734,F,1990-04-30
11736,M,1990-03-25
11737,M,1995-07-11
11742,F,1996-04-12
11743,F,1996-04-17
11748,M,1992-12-20
11750,F,1993-08-07
11752,M,1992-11-10
11754,F,1999-08-23
11755,F,1990-12-05
11756,M,1996-10-17
11758,M,1993-10-03
11761,M,1991-06-12
11762,M,1992-05-10
11763,F,1996-11-08
11765,F,1991-07-04
11770,F,1992-11-29
11774,M,1997-12-30
11777,M,1990-12-12
11778,F,1992-12-28
11779,M,1990-05-06
11782,M,1991-02-01
11783,F,1994-07-14
11784,M,1995-12-07
11786,M,1995-04-14
11791,F,1994-11-15
11793,M,1996-06-06
11795,F,1992-03-24
11800,M,1990-08-08
11801,M,1990-09-05
11803,F,1993-03-25
11806,M,1996-04-02
11807,F,1992-07-11
11811,M,1992-03-28
11814,F,1993-06-08
11816,M,1991-08-05
11820,M,1993-06-20
11821,F,1995-12-13
11823,M,1995-10-23
11824,M,1993-10-09
11827,M,1991-09-09
11829,F,1999-02-17
11831,M,1993-07-18
11834,F,1990-04-04
11835,F,1990-02-24
11837,F,1990-06-15
11841,M,1992-09-07
11842,M,1991-12-11
11845,F,1991-07-23
11846,F,1993-11-21
11847,F,1996-01-13
11848,M,1993-11-24
11849,M,1991-08-27
11850,M,1991-02-10
11851,M,1991-05-04
11854,F,1992-06-30
11855,F,1991-12-24
11860,F,1992-10-04
11861,F,1990-05-28
11862,M,1993-01-20
11865,M,1994-05-24
11869,F,1996-08-12
11873,F,1998-11-14
11874,M,1995-07-27
11875,F,1992-07-25
11876,M,1991-06-08
11877,F,1994-01-27
11878,F,1990-03-20
11880,F,1993-01-31
11881,M,1990-04-08
11882,F,1991-09-18
11884,M,1998-06-18
11885,M,1990-03-10
11886,M,1994-10-02
11887,M,1994-10-17
11888,M,1994-11-28
11889,M,1996-12-25
11890,M,1990-02-09
11891,M,1991-03-20
11892,M,1993-08-09
11893,M,1995-11-11
11895,M,1990-01-29
11896,M,1990-07-04
11899,M,1995-12-30
11900,M,1990-05-26
11903,M,1990-12-09
11904,M,1993-06-06
11907,M,1992-02-27
11910,F,1992-09-12
11911,M,1990-06-05
11917,F,1995-09-10
11919,F,1990-10-28
11923,F,1994-07-04
11924,M,1991-06-17
11925,M,1996-06-02
11926,F,1998-09-18
11928,M,1992-06-24
11930,F,1991-01-14
11934,M,1993-11-03
11935,M,1996-10-26
11936,F,1993-05-26
11937,M,1996-04-19
11938,M,1994-07-15
11939,F,1992-08-14
11940,F,1996-11-02
11943,F,1992-01-26
11944,M,1991-06-14
11945,F,1991-07-22
11946,F,1992-05-29
11947,M,1995-10-24
11948,F,1990-01-12
11952,F,1995-12-19
11956,M,1991-08-15
11957,F,1992-04-02
11959,M,1991-04-03
11961,F,1997-06-26
11964,F,1994-09-25
11965,M,1990-03-20
11968,M,1993-02-15
11969,M,1994-09-27
11972,F,1990-10-07
11975,M,1991-03-24
11979,F,1994-09-08
11980,M,1992-01-20
11981,M,1990-09-14
11984,F,1990-02-15
11986,M,1991-08-06
11994,F,1993-11-11
11996,M,1994-01-21
11997,F,1995-11-03
11998,M,1991-12-16
12002,M,1994-10-14
12003,M,1992-11-20
12005,M,1993-03-30
12008,F,1991-08-07
12009,M,1994-11-28
12012,F,1993-01-14
12013,F,1990-08-06
12015,M,1999-01-04
12016,F,1991-07-28
12017,F,1992-06-21
12018,F,1990-07-23
12021,M,1991-09-30
12022,M,1992-04-18
12023,M,1994-12-08
12024,M,1997-11-03
12028,M,1992-09-02
12030,M,1996-06-24
12034,M,1993-10-31
12035,M,1992-12-09
12040,F,1993-12-29
12041,M,1990-08-09
12042,F,1995-05-19
12043,M,1991-04-03
12044,F,1990-04-19
12045,F,1990-08-19
12046,F,1996-01-13
12047,M,1992-01-19
12054,M,1994-01-03
12055,F,1990-06-22
12059,F,1991-05-23
12060,M,1996-06-21
12063,F,1994-07-24
12068,M,1990-05-12
12071,F,1990-09-17
12073,M,1990-11-10
12074,M,1994-09-07
12077,F,1994-01-30
12078,F,1993-11-14
12080,M,1993-05-17
12081,M,1992-04-03
12084,F,1996-05-30
12090,F,1998-07-24
12093,F,1994-01-19
12095,F,1990-04-04
12096,M,1994-08-17
12098,M,1991-01-21
12102,M,1990-06-10
12104,F,1996-10-20
12105,F,1990-02-02
12106,M,1995-10-24
12108,M,1992-12-13
12110,F,1995-06-26
12111,M,1993-06-13
12114,M,1991-08-15
12116,M,1993-06-22
12117,F,1999-02-01
12119,M,1992-02-06
12126,M,1992-12-01
12129,M,1992-12-07
12132,F,1993-12-18
12133,F,1991-07-20
12135,F,1993-03-21
12137,F,1992-09-05
12138,F,1992-10-31
12140,M,1996-11-15
12141,F,1992-01-15
12142,M,1991-04-23
12143,F,1996-01-06
12144,M,1990-10-21
12148,F,1996-03-22
12150,M,1991-06-25
12151,M,1990-04-16
